Label pre-annotated,Label self-annotated,Begin pre-annotated,End pre-annotated,Begin self-annotated,End self-annotated,Difference Begin,Difference End

P,P,0,3.36998958333333,0,3.36998958333333,0,0.0 
P,P,5.50998958333333,5.85998958333333,5.50998958333333,5.85998958333333,0.0,0.0 
P,P,6.37998958333333,6.67998958333333,6.37998958333333,6.67998958333333,0.0,0.0 
P,P,6.80998958333333,7.80998958333333,6.80998958333333,7.80998958333333,0.0,0.0 
P,COND1,10.3299895833333,10.36996875,10.3299895833333,10.517009268921914,0.0,0.14704051892191394